{
  "nodes": [
    {
      "label": "Arizona Cardinals",
      "value": "West",
      "id": 0
    },
    {
      "label": "Atlanta Falcons",
      "value": "South",
      "id": 1
    },
    {
      "label": "Baltimore Ravens",
      "value": "North",
      "id": 2
    },
    {
      "label": "Buffalo Bills",
      "value": "East",
      "id": 3
    },
    {
      "label": "Carolina Panthers",
      "value": "South",
      "id": 4
    },
    {
      "label": "Chicago Bears",
      "value": "North",
      "id": 5
    },
    {
      "label": "Cincinati Bengals",
      "value": "North",
      "id": 6
    },
    {
      "label": "Cleveland Browns",
      "value": "North",
      "id": 7
    },
    {
      "label": "Dallas Cowboys",
      "value": "East",
      "id": 8
    },
    {
      "label": "Denver Broncos",
      "value": "West",
      "id": 9
    },
       {
      "label": "Detroit Lions",
      "value": "North",
      "id": 10
    },
    {
      "label": "Green Bay Packers",
      "value": "North",
      "id": 11
    },
    {
      "label": "Houston Texans",
      "value": "South",
      "id": 12
    },
    {
      "label": "Indianapolis Colts",
      "value": "South",
      "id": 13
    },
    {
      "label": "Jacksonville Jaguars",
      "value": "South",
      "id": 14
    },
    {
      "label": "Kansas City Chiefs",
      "value": "West",
      "id": 15
    },
    {
      "label": "Miami Dolphins",
      "value": "East",
      "id": 16
    },
    {
      "label": "Minnesota Vikings",
      "value": "North",
      "id": 17
    },
    {
      "label": "New England Patriots",
      "value": "East",
      "id": 18
    },
    {
      "label": "New Orleans Saints",
      "value": "South",
      "id": 19
    },
    {
      "label": "Newyork giants",
      "value": "East",
      "id": 20
    },
    {
      "label": "Newyork Jets",
      "value": "East",
      "id": 21
    },
    {
      "label": "Las Vegas Raiders",
      "value": "West",
      "id": 22
    },
    {
      "label": "Philadelphia Eagles",
      "value": "East",
      "id": 23
    },
    {
      "label": "Pittsburgh Steelers",
      "value": "North",
      "id": 24
    },
    {
      "label": "Los Angeles Chargers",
      "value": "West",
      "id": 25
    },
    {
      "label": "San Francisco 49ers",
      "value": "West",
      "id": 26
    },
    {
      "label": "Seattle Seahawks",
      "value": "West",
      "id": 27
    },
    {
      "label": "Los Angeles Rams",
      "value": "West",
      "id": 28
    },
    {
      "label": "Tampa Bay Buccaneers",
      "value": "South",
      "id": 29
    },
    {
      "label": "Tennessee Titans",
      "value": "South",
      "id": 30
    },
    {
      "label": "Washington Football team",
      "value": "East",
      "id": 31
    }
  ],
  "links": [
    {
      "source": 0,
      "target": 26,
      "key": 0
    },
    {
      "source": 5,
      "target": 10,
      "key": 0
    },
    {
      "source": 7,
      "target": 2,
      "key": 0
    },
    {
      "source": 11,
      "target": 17,
      "key": 0
    },
    {
      "source": 12,
      "target": 15,
      "key": 0
    },
    {
      "source": 13,
      "target": 14,
      "key": 0
    },
    {
      "source": 16,
      "target": 18,
      "key": 0
    },
    {
      "source": 21,
      "target": 3,
      "key": 0
    },
    {
      "source": 22,
      "target": 4,
      "key": 0
    },
    {
      "source": 23,
      "target": 31,
      "key": 0
    },
    {
      "source": 24,
      "target": 20,
      "key": 0
    },
    {
      "source": 25,
      "target": 6,
      "key": 0
    },
    {
      "source": 27,
      "target": 1,
      "key": 0
    },
    {
      "source": 29,
      "target": 19,
      "key": 0
    },
    {
      "source": 30,
      "target": 9,
      "key": 0
    },
    {
      "source": 1,
      "target": 8,
      "key": 0
    },
    {
      "source": 2,
      "target": 12,
      "key": 0
    },
    {
      "source": 3,
      "target": 16,
      "key": 0
    },
    {
      "source": 6,
      "target": 7,
      "key": 0
    },
    {
      "source": 9,
      "target": 24,
      "key": 0
    },
    {
      "source": 10,
      "target": 11,
      "key": 0
    },
    {
      "source": 14,
      "target": 30,
      "key": 0
    },
    {
      "source": 15,
      "target": 25,
      "key": 0
    },
    {
      "source": 17,
      "target": 13,
      "key": 0
    },
    {
      "source": 18,
      "target": 27,
      "key": 0
    },
    {
      "source": 19,
      "target": 22,
      "key": 0
    },
    {
      "source": 20,
      "target": 5,
      "key": 0
    },
    {
      "source": 22,
      "target": 29,
      "key": 0
    },
    {
      "source": 26,
      "target": 21,
      "key": 0
    },
    {
      "source": 29,
      "target": 24,
      "key": 0
    },
    {
      "source": 31,
      "target": 0,
      "key": 0
    },
    {
      "source": 4,
      "target": 25,
      "key": 0
    },
    {
      "source": 5,
      "target": 1,
      "key": 0
    },
    {
      "source": 6,
      "target": 23,
      "key": 0
    },
    {
      "source": 8,
      "target": 27,
      "key": 0
    },
    {
      "source": 10,
      "target": 0,
      "key": 0
    },
    {
      "source": 11,
      "target": 19,
      "key": 0
    },
    {
      "source": 13,
      "target": 24,
      "key": 0
    },
    {
      "source": 15,
      "target": 2,
      "key": 0
    },
    {
      "source": 16,
      "target": 14,
      "key": 0
    },
    {
      "source": 21,
      "target": 13,
      "key": 0
    },
    {
      "source": 22,
      "target": 18,
      "key": 0
    },
    {
      "source": 25,
      "target": 3,
      "key": 0
    },
    {
      "source": 26,
      "target": 20,
      "key": 0
    },
    {
      "source": 29,
      "target": 9,
      "key": 0
    },
    {
      "source": 30,
      "target": 17,
      "key": 1
    },
    {
      "source": 31,
      "target": 7,
      "key": 0
    },
    {
      "source": 0,
      "target": 4,
      "key": 0
    },
    {
      "source": 1,
      "target": 11,
      "key": 0
    },
    {
      "source": 2,
      "target": 31,
      "key": 0
    },
    {
      "source": 3,
      "target": 22,
      "key": 0
    },
    {
      "source": 7,
      "target": 8,
      "key": 0
    },
    {
      "source": 9,
      "target": 21,
      "key": 0
    },
    {
      "source": 13,
      "target": 5,
      "key": 0
    },
    {
      "source": 14,
      "target": 6,
      "key": 0
    },
    {
      "source": 17,
      "target": 12,
      "key": 0
    },
    {
      "source": 18,
      "target": 15,
      "key": 0
    },
    {
      "source": 19,
      "target": 10,
      "key": 0
    },
    {
      "source": 20,
      "target": 28,
      "key": 0
    },
    {
      "source": 23,
      "target": 26,
      "key": 0
    },
    {
      "source": 25,
      "target": 29,
      "key": 0
    },
    {
      "source": 0,
      "target": 21,
      "key": 0
    },
    {
      "source": 3,
      "target": 30,
      "key": 0
    },
    {
      "source": 4,
      "target": 1,
      "key": 0
    },
    {
      "source": 6,
      "target": 2,
      "key": 0
    },
    {
      "source": 13,
      "target": 7,
      "key": 0
    },
    {
      "source": 14,
      "target": 12,
      "key": 0
    },
    {
      "source": 16,
      "target": 26,
      "key": 0
    },
    {
      "source": 17,
      "target": 27,
      "key": 0
    },
    {
      "source": 17,
      "target": 12,
      "key": 0
    },
    {
      "source": 20,
      "target": 8,
      "key": 0
    },
    {
      "source": 22,
      "target": 15,
      "key": 0
    },
    {
      "source": 23,
      "target": 24,
      "key": 0
    },
    {
      "source": 25,
      "target": 19,
      "key": 0
    },
    {
      "source": 28,
      "target": 31,
      "key": 0
    },
    {
      "source": 29,
      "target": 5,
      "key": 0
    },
    {
      "source": 0,
      "target": 8,
      "key": 0
    },
    {
      "source": 1,
      "target": 17,
      "key": 0
    },
    {
      "source": 2,
      "target": 23,
      "key": 0
    },
    {
      "source": 5,
      "target": 4,
      "key": 0
    },
    {
      "source": 6,
      "target": 13,
      "key": 0
    },
    {
      "source": 7,
      "target": 24,
      "key": 0
    },
    {
      "source": 9,
      "target": 18,
      "key": 0
    },
    {
      "source": 10,
      "target": 14,
      "key": 0
    },
    {
      "source": 11,
      "target": 29,
      "key": 0
    },
    {
      "source": 12,
      "target": 30,
      "key": 0
    },
    {
      "source": 15,
      "target": 3,
      "key": 0
    },
    {
      "source": 21,
      "target": 16,
      "key": 0
    },
    {
      "source": 22,
      "target": 16,
      "key": 0
    },
    {
      "source": 28,
      "target": 26,
      "key": 0
    },
    {
      "source": 31,
      "target": 20,
      "key": 0
    },
    {
      "source": 3,
      "target": 21,
      "key": 0
    },
    {
      "source": 4,
      "target": 19,
      "key": 0
    },
    {
      "source": 5,
      "target": 28,
      "key": 0
    },
    {
      "source": 7,
      "target": 6,
      "key": 0
    },
    {
      "source": 8,
      "target": 31,
      "key": 0
    },
    {
      "source": 10,
      "target": 1,
      "key": 0
    },
    {
      "source": 11,
      "target": 12,
      "key": 0
    },
    {
      "source": 14,
      "target": 25,
      "key": 0
    },
    {
      "source": 15,
      "target": 9,
      "key": 0
    },
    {
      "source": 20,
      "target": 23,
      "key": 0
    },
    {
      "source": 24,
      "target": 30,
      "key": 0
    },
    {
      "source": 26,
      "target": 18,
      "key": 0
    },
    {
      "source": 27,
      "target": 0,
      "key": 0
    },
    {
      "source": 29,
      "target": 22,
      "key": 0
    },
    {
      "source": 1,
      "target": 4,
      "key": 0
    },
    {
      "source": 8,
      "target": 23,
      "key": 0
    },
    {
      "source": 13,
      "target": 10,
      "key": 0
    },
    {
      "source": 17,
      "target": 11,
      "key": 0
    },
    {
      "source": 18,
      "target": 3,
      "key": 0
    },
    {
      "source": 21,
      "target": 15,
      "key": 0
    },
    {
      "source": 22,
      "target": 7,
      "key": 0
    },
    {
      "source": 24,
      "target": 2,
      "key": 0
    },
    {
      "source": 25,
      "target": 9,
      "key": 0
    },
    {
      "source": 26,
      "target": 27,
      "key": 0
    },
    {
      "source": 28,
      "target": 16,
      "key": 0
    },
    {
      "source": 29,
      "target": 20,
      "key": 0
    },
    {
      "source": 30,
      "target": 6,
      "key": 0
    },
    {
      "source": 2,
      "target": 13,
      "key": 0
    },
    {
      "source": 4,
      "target": 15,
      "key": 0
    },
    {
      "source": 5,
      "target": 30,
      "key": 0
    },
    {
      "source": 9,
      "target": 1,
      "key": 0
    },
    {
      "source": 10,
      "target": 17,
      "key": 0
    },
    {
      "source": 11,
      "target": 26,
      "key": 0
    },
    {
      "source": 12,
      "target": 14,
      "key": 0
    },
    {
      "source": 12,
      "target": 14,
      "key": 0
    },
    {
      "source": 16,
      "target": 0,
      "key": 0
    },
    {
      "source": 18,
      "target": 21,
      "key": 0
    },
    {
      "source": 19,
      "target": 29,
      "key": 0
    },
    {
      "source": 20,
      "target": 31,
      "key": 0
    },
    {
      "source": 22,
      "target": 25,
      "key": 0
    },
    {
      "source": 24,
      "target": 8,
      "key": 0
    },
    {
      "source": 27,
      "target": 3,
      "key": 0
    },
    {
      "source": 2,
      "target": 18,
      "key": 0
    },
    {
      "source": 3,
      "target": 0,
      "key": 0
    },
    {
      "source": 6,
      "target": 24,
      "key": 0
    },
    {
      "source": 9,
      "target": 22,
      "key": 0
    },
    {
      "source": 12,
      "target": 7,
      "key": 0
    },
    {
      "source": 13,
      "target": 30,
      "key": 0
    },
    {
      "source": 14,
      "target": 11,
      "key": 0
    },
    {
      "source": 17,
      "target": 5,
      "key": 0
    },
    {
      "source": 23,
      "target": 20,
      "key": 0
    },
    {
      "source": 25,
      "target": 16,
      "key": 0
    },
    {
      "source": 26,
      "target": 20,
      "key": 0
    },
    {
      "source": 27,
      "target": 28,
      "key": 0
    },
    {
      "source": 29,
      "target": 4,
      "key": 0
    },
    {
      "source": 31,
      "target": 10,
      "key": 0
    },
    {
      "source": 0,
      "target": 27,
      "key": 0
    },
    {
      "source": 1,
      "target": 19,
      "key": 0
    },
    {
      "source": 6,
      "target": 31,
      "key": 0
    },
    {
      "source": 18,
      "target": 17,
      "key": 1
    },
    {
      "source": 10,
      "target": 4,
      "key": 0
    },
    {
      "source": 11,
      "target": 13,
      "key": 0
    },
    {
      "source": 15,
      "target": 22,
      "key": 0
    },
    {
      "source": 16,
      "target": 9,
      "key": 0
    },
    {
      "source": 8,
      "target": 12,
      "key": 0
    },
    {
      "source": 21,
      "target": 25,
      "key": 0
    },
    {
      "source": 23,
      "target": 7,
      "key": 0
    },
    {
      "source": 24,
      "target": 14,
      "key": 0
    },
    {
      "source": 28,
      "target": 29,
      "key": 0
    },
    {
      "source": 30,
      "target": 2,
      "key": 0
    },
    {
      "source": 0,
      "target": 18,
      "key": 0
    },
    {
      "source": 2,
      "target": 24,
      "key": 0
    },
    {
      "source": 4,
      "target": 17,
      "key": 0
    },
    {
      "source": 5,
      "target": 11,
      "key": 0
    },
    {
      "source": 7,
      "target": 14,
      "key": 0
    },
    {
      "source": 12,
      "target": 10,
      "key": 0
    },
    {
      "source": 15,
      "target": 29,
      "key": 0
    },
    {
      "source": 16,
      "target": 29,
      "key": 0
    },
    {
      "source": 16,
      "target": 21,
      "key": 0
    },
    {
      "source": 20,
      "target": 6,
      "key": 1
    },
    {
      "source": 22,
      "target": 1,
      "key": 0
    },
    {
      "source": 25,
      "target": 3,
      "key": 0
    },
    {
      "source": 26,
      "target": 28,
      "key": 0
    },
    {
      "source": 27,
      "target": 23,
      "key": 0
    },
    {
      "source": 30,
      "target": 13,
      "key": 0
    },
    {
      "source": 31,
      "target": 8,
      "key": 0
    },
    {
      "source": 3,
      "target": 26,
      "key": 0
    },
    {
      "source": 6,
      "target": 14,
      "key": 0
    },
    {
      "source": 7,
      "target": 30,
      "key": 0
    },
    {
      "source": 8,
      "target": 2,
      "key": 0
    },
    {
      "source": 9,
      "target": 15,
      "key": 0
    },
    {
      "source": 10,
      "target": 5,
      "key": 0
    },
    {
      "source": 13,
      "target": 12,
      "key": 0
    },
    {
      "source": 14,
      "target": 17,
      "key": 0
    },
    {
      "source": 18,
      "target": 25,
      "key": 0
    },
    {
      "source": 19,
      "target": 1,
      "key": 0
    },
    {
      "source": 20,
      "target": 27,
      "key": 0
    },
    {
      "source": 22,
      "target": 21,
      "key": 0
    },
    {
      "source": 23,
      "target": 11,
      "key": 0
    },
    {
      "source": 28,
      "target": 0,
      "key": 0
    },
    {
      "source": 31,
      "target": 24,
      "key": 0
    },
    {
      "source": 0,
      "target": 20,
      "key": 0
    },
    {
      "source": 1,
      "target": 25,
      "key": 0
    },
    {
      "source": 2,
      "target": 7,
      "key": 0
    },
    {
      "source": 8,
      "target": 6,
      "key": 0
    },
    {
      "source": 9,
      "target": 4,
      "key": 0
    },
    {
      "source": 11,
      "target": 10,
      "key": 0
    },
    {
      "source": 12,
      "target": 5,
      "key": 0
    },
    {
      "source": 13,
      "target": 22,
      "key": 0
    },
    {
      "source": 15,
      "target": 16,
      "key": 0
    },
    {
      "source": 17,
      "target": 29,
      "key": 0
    },
    {
      "source": 18,
      "target": 28,
      "key": 0
    },
    {
      "source": 19,
      "target": 23,
      "key": 0
    },
    {
      "source": 21,
      "target": 27,
      "key": 0
    },
    {
      "source": 24,
      "target": 3,
      "key": 0
    },
    {
      "source": 30,
      "target": 14,
      "key": 0
    },
    {
      "source": 31,
      "target": 26,
      "key": 0
    },
    {
      "source": 3,
      "target": 9,
      "key": 0
    },
    {
      "source": 4,
      "target": 11,
      "key": 0
    },
    {
      "source": 5,
      "target": 17,
      "key": 0
    },
    {
      "source": 7,
      "target": 20,
      "key": 0
    },
    {
      "source": 10,
      "target": 30,
      "key": 0
    },
    {
      "source": 12,
      "target": 13,
      "key": 0
    },
    {
      "source": 14,
      "target": 2,
      "key": 0
    },
    {
      "source": 13,
      "target": 22,
      "key": 0
    },
    {
      "source": 15,
      "target": 19,
      "key": 0
    },
    {
      "source": 18,
      "target": 16,
      "key": 0
    },
    {
      "source": 21,
      "target": 28,
      "key": 0
    },
    {
      "source": 23,
      "target": 0,
      "key": 0
    },
    {
      "source": 24,
      "target": 6,
      "key": 0
    },
    {
      "source": 25,
      "target": 22,
      "key": 0
    },
    {
      "source": 26,
      "target": 8,
      "key": 0
    },
    {
      "source": 27,
      "target": 31,
      "key": 0
    },
    {
      "source": 29,
      "target": 1,
      "key": 0
    },
    {
      "source": 1,
      "target": 15,
      "key": 0
    },
    {
      "source": 3,
      "target": 18,
      "key": 0
    },
    {
      "source": 4,
      "target": 31,
      "key": 0
    },
    {
      "source": 5,
      "target": 14,
      "key": 0
    },
    {
      "source": 6,
      "target": 12,
      "key": 0
    },
    {
      "source": 5,
      "target": 14,
      "key": 0
    },
    {
      "source": 6,
      "target": 12,
      "key": 0
    },
    {
      "source": 7,
      "target": 21,
      "key": 0
    },
    {
      "source": 9,
      "target": 25,
      "key": 0
    },
    {
      "source": 13,
      "target": 24,
      "key": 0
    },
    {
      "source": 16,
      "target": 22,
      "key": 0
    },
    {
      "source": 17,
      "target": 19,
      "key": 0
    },
    {
      "source": 20,
      "target": 2,
      "key": 0
    },
    {
      "source": 23,
      "target": 8,
      "key": 0
    },
    {
      "source": 26,
      "target": 0,
      "key": 0
    },
    {
      "source": 28,
      "target": 27,
      "key": 0
    },
    {
      "source": 29,
      "target": 10,
      "key": 0
    },
    {
      "source": 30,
      "target": 11,
      "key": 0
    },
    {
      "source": 0,
      "target": 28,
      "key": 0
    },
    {
      "source": 1,
      "target": 29,
      "key": 0
    },
    {
      "source": 2,
      "target": 6,
      "key": 0
    },
    {
      "source": 8,
      "target": 20,
      "key": 0
    },
    {
      "source": 11,
      "target": 5,
      "key": 0
    },
    {
      "source": 14,
      "target": 13,
      "key": 0
    },
    {
      "source": 16,
      "target": 3,
      "key": 0
    },
    {
      "source": 17,
      "target": 10,
      "key": 0
    },
    {
      "source": 19,
      "target": 4,
      "key": 0
    },
    {
      "source": 21,
      "target": 18,
      "key": 0
    },
    {
      "source": 22,
      "target": 9,
      "key": 0
    },
    {
      "source": 24,
      "target": 7,
      "key": 0
    },
    {
      "source": 25,
      "target": 15,
      "key": 0
    },
    {
      "source": 27,
      "target": 26,
      "key": 0
    },
    {
      "source": 30,
      "target": 12,
      "key": 0
    },
    {
      "source": 31,
      "target": 23,
      "key": 0
    }
  ]
}