teams,Division
Arizona Cardinals,2
Atlanta Falcons,4
Baltimore Ravens,3
Buffallo Newyork,1
Carolina Panthers,4
Chicago Bears,3
Cincinnati Bengals,3
Cleveland Browns,3
Dallas Cowboys,1
Denver Broncos,2
Detroit Lions,3
Green Bay,3
Houston Texans,4
Indianapolis Colts,4
Jacksonville,4
Kansas city,2
Miami Dolphins,1
Minnesota,2
New England,1
New Orleans,4
Newyork giants,1
Newyork jets,1
Las Vegas Raiders,2
Philadelphia eagles,1
Pittsburgh steelers,3
Los Angels chargers,2
San Francisco 49ers,2
Seattle Seahawks,2
Los Angels Rams,2
Tampa Bay ,4
Tennessee titans,4
Washington,1
