ID,Year,Season,Conference,Division,Name,City,Abbreviation,ARI,ATL,BAL,BUF,CAR,CHI,CIN,CLE,DAL,DEN,DET,GB,HOU,IND,JAX,KC,MIA,MIN,NE,NO,NYG,NYJ,LV,PHI,PIT,LAC,SF,SEA,LAR,TB,TEN,WAS
1,2020,Regular,NFC,West,Arizona Cardinals,Arizona,ARI,,,,,21/30,,,,38/10,,,,,,,,,,,,26/7,30/10,,,,,17/20,21/28,18-Jul,,,
2,2020,Regular,NFC,South,Atlanta Falcons,Atlanta,ATL,,,,,25/17,,,,39/40,,,16/30,,,,14/17,,40/23,,24-Sep,,,,,,17/20,,,,27/44,,
3,2020,Regular,AFC,North,Baltimore Ravens,Baltimore,BAL,,,,,,,38/3,47/42,,,,,33/16,24/10,,,,,17/23,,,,,30/28,14/19,,,,,,,31/17
4,2020,Regular,AFC,East,Buffalo Bills,Newyork,BUF,30/32,,,,,,,,,48/19,,,,,,,31/28,,38/9,,,18/10,30/23,,,,34/24,,,,16/42,
5,2020,Regular,NFC,South,Carolina Panthers,Carolina,CAR,,23/16,,,,,,,,,,16/24,,,,31/33,,27/28,,24/27,,,,,,21/38,,,,,,20/13
6,2020,Regular,NFC,North,Chicago Bears,Chicago,CHI,,30/26,,,23/16,,,,,,27/23,25/41,,,41/17,,,33/27,,,,,,,,,,,24-Oct,,,
7,2020,Regular,AFC,North,Cincinnati Bengals,Cincinnati,CIN,,,27-3,,,,,30/35,,,,,37/31,27/31,,,19-Jul,,,,,,,23/23,Oct-36,,,,,,,20-6
8,2020,Regular,AFC,North,Cleveland Browns,Cleveland,CLE,,,38-6,,,,37/34,,49/38,,,,,,27/25,,,,,,20/6,16/23,,,Jul-38,,,,,,41/35,
9,2020,Regular,NFC,East,Dallas Cowboys,Dallas,DAL,,,17/34,,,,30/7,,,,,,,,,,,31/28,,,19/23,,,23-Sep,,,,31/38,,,,27-3
10,2020,Regular,AFC,West,Denver Broncos,Denver,DEN,,27/34,,,32/27,,,,,,,,,,,16/22,,,18/12,,,37/28,30/32,,21/26,16/19,,,,,,
11,2020,Regular,NFC,North,Detroit Lions,Detroit,DET,26/23,23/22,,,0/20,34/30,,,,,,21/42,,,34/16,,,20/34,,,,,,,,,,,,,25/46,
12,2020,Regular,NFC,North,Green Bay Packers,Green Bay,GB,,,,,,35/16,,,,,31/24,,35/20,31/34,,,,43/34,,37/20,,,,,,,34/17,,,Oct-38,,
13,2020,Regular,AFC,South,Houston Texans,Houston,HOU,,,,,,36-7,,1-10,,,41/25,,,20/27,27/25,20/34,,,,,,,,,21/28,,,,,,36/42,
14,2020,Regular,AFC,South,Indianapolis Colts,Indianapolis,IND,,,,,,19/11,,23/32,,,41/21,,26/20,,20/27,,,,,,,,44/27,,24/28,,,,,,34/17,
15,2020,Regular,AFC,South,Jacksonville Jaguars,Jacksonville,JAX,,,14/40,,,,25/33,,,,,20/24,14/30,14/28,,,,14/27,,,,,,,,29/39,,,,,30/33,
16,2020,Regular,AFC,West,Kansas City Chiefs,Kansas,KC,,3,34/20,26/17,,,,,,43/16,,,,,,,33/27,,,32/39,,,35/31,,,23/20,,,,27/24,,
17,2020,Regular,AFC,East,Miami Dolphins,Miami,MIA,34/31,,,26/56,,,,,,13/20,,,31/23,,,,,,21-Nov,,,20/3,26/25,,,,43/17,,,,,
18,2020,Regular,AFC,West,Minnesota vikings,Minnesota,MIN,,,,,,19/23,,,,,37/35,28/22,,28-Nov,31/13,,,,,33/52,,,,,,,,26/27,,14/26,,
19,2020,Regular,AFC,East,New England Patriots,New England,NE,,,,21/24,,,,,,,,,20/27,,,26-Oct,22-Dec,,,,,30/27,,,,45/0,,30/35,24-Mar,,,
20,2020,Regular,NFC,South,New Orleans Saints,New Orleans,NO,,21/16,,,33/7,,,,,31/3,35/29,,,,,,,,,,,,24/34,21/24,,,,,,38/3,,
21,2020,Regular,NFC,East,NY Giants,Newyork,NYG,,,13/27,,,13/17,19/17,,34/37,,,,,,,,,,,,,,,21/22,,,,17/12,17-Sep,,,23/20
22,2020,Regular,AFC,East,NY Jets,Newyork,NYJ,,,,17/27,,,,,,,,,,Jul-36,,Sep-35,0/24,,14/28,,,,,,,28/34,,3-40,23/20,,,
23,2020,Regular,AFC,West,Las Vegas Raiders,Las Vegas,LV,,Jun-43,,,34/30,,,16/6,,32/31,,,,,,40/32,0/24,,20/36,,,31/28,,,,31/26,,,,17/31,,
24,2020,Regular,NFC,East,Philadelphia Eagles,Philadelphia,PHI,,,,,,,,17/22,17/37,,,16/30,,,,,,,,,17/27,,,,29/38,,25/20,,26/33,,,17/27
25,2020,Regular,AFC,North,Pittsburgh Steelers,Pittsburgh,PIT,,,28/24,15/26,,,17/27,22/24,24/19,,,,,,27/3,,,,,,26/16,,,,,,,,,,27/24,
26,2020,Regular,AFC,West,Los Angeles Chargers,Los Angels,LAC,,,,"32/35, 17/27",,,16/13,,,30/31,,,,,,38/21,21/29,,,27/30,,,30/27,,,,,,,31/38,,
27,2020,Regular,NFC,West,San Francisco 49ers,San Francisco,SF,20/12,,,,,,,,33/41,,,,,,,,,,33/6,13/27,,31/13,,,,,,27/37,23/20,,,
28,2020,Regular,NFC,West,Seattle Seahawks,Seattle,SEA,34/37,38/25,,34/44,,,,,,,,,,,,,,,,,,,,23/17,,,26/23,,16/23,,,20/15
29,2020,Regular,NFC,West,Los Angeles Rams,Los Angels,LAR,38/28,,,,,,,,,,,,,,,,17/28,,,,,,,37/19,,,16/24,20-Sep,,27/24,,30/10
30,2020,Regular,NFC,South,Tampa Bay Buccaneers,Tampa Bay ,TB,,31/27,,,46/23,19/20,,,,28/10,47/7,,,,,,,,,23/34,25/23,,45/20,,,,,,,,,
31,2020,Regular,AFC,South,Tennessee Titans,Tennessee,TEN,,,30/24,,,,20/31,,,16/14,,14/40,41/38,45/26,31/10,,,31/30,,,,,,,,,,,,,,
32,2020,Regular,NFC,East,Washington Football Team,Washington,WAS,15/30,,,,,,,20/24,41/16,,27/30,,,,,,,,,,19/20,,,20/24,23/17,,23/15,,,,,
